{
    "root_group": {
        "path": "",
        "id": "d41d8cd98f00b204e9800998ecf8427e",
        "groups": {},
        "checks": {
                "order accepted": {
                    "fails": 0,
                    "name": "order accepted",
                    "path": "::order accepted",
                    "id": "a3c0c8ef382a0ed3b6bc3a5742f40e3c",
                    "passes": 44633
                }
            },
        "name": ""
    },
    "metrics": {
        "http_req_sending": {
            "avg": 0.02838572356776278,
            "min": 0.003,
            "med": 0.018,
            "max": 9.578,
            "p(50)": 0.018,
            "p(90)": 0.036,
            "p(95)": 0.046,
            "p(99)": 0.245
        },
        "iterations": {
            "count": 44633,
            "rate": 49.55533317714368
        },
        "data_received": {
            "count": 19008292,
            "rate": 21104.614146224427
        },
        "iteration_duration": {
            "p(95)": 1021.356325,
            "p(99)": 1059.21353868,
            "avg": 1008.7575725763223,
            "min": 1001.474083,
            "med": 1004.568875,
            "max": 1495.266834,
            "p(50)": 1004.568875,
            "p(90)": 1014.1609496
        },
        "http_req_blocked": {
            "avg": 0.01545553738265442,
            "min": 0,
            "med": 0.005,
            "max": 9.744,
            "p(50)": 0.005,
            "p(90)": 0.009,
            "p(95)": 0.01,
            "p(99)": 0.028
        },
        "vus_max": {
            "max": 50,
            "value": 50,
            "min": 50
        },
        "http_reqs": {
            "count": 44633,
            "rate": 49.55533317714368
        },
        "http_req_duration{expected_response:true}": {
            "p(50)": 3.295,
            "p(90)": 13.232400000000004,
            "p(95)": 20.22199999999996,
            "p(99)": 58.156919999999985,
            "avg": 7.759141733694685,
            "min": 1.216,
            "med": 3.295,
            "max": 494.894
        },
        "vus": {
            "min": 50,
            "max": 50,
            "value": 50
        },
        "data_sent": {
            "count": 30488367,
            "rate": 33850.764786414366
        },
        "http_req_connecting": {
            "p(90)": 0,
            "p(95)": 0,
            "p(99)": 0,
            "avg": 0.006150852508233818,
            "min": 0,
            "med": 0,
            "max": 6.405,
            "p(50)": 0
        },
        "http_req_tls_handshaking": {
            "max": 0,
            "p(50)": 0,
            "p(90)": 0,
            "p(95)": 0,
            "p(99)": 0,
            "avg": 0,
            "min": 0,
            "med": 0
        },
        "http_req_duration": {
            "max": 494.894,
            "p(50)": 3.295,
            "p(90)": 13.232400000000004,
            "p(95)": 20.22199999999996,
            "p(99)": 58.156919999999985,
            "avg": 7.759141733694685,
            "min": 1.216,
            "med": 3.295,
            "thresholds": {
                "p(95)<250": false
            }
        },
        "checks": {
            "passes": 44633,
            "fails": 0,
            "value": 1
        },
        "http_req_failed": {
            "passes": 0,
            "fails": 44633,
            "thresholds": {
                "rate<0.01": false
            },
            "value": 0
        },
        "http_req_waiting": {
            "p(90)": 13.137600000000003,
            "p(95)": 20.158199999999994,
            "p(99)": 58.08155999999996,
            "avg": 7.6818040911433965,
            "min": 1.188,
            "med": 3.217,
            "max": 494.833,
            "p(50)": 3.217
        },
        "http_req_receiving": {
            "med": 0.033,
            "max": 8.909,
            "p(50)": 0.033,
            "p(90)": 0.069,
            "p(95)": 0.105,
            "p(99)": 0.321,
            "avg": 0.04895191898370925,
            "min": 0.005
        }
    }
}