{
    "root_group": {
        "id": "d41d8cd98f00b204e9800998ecf8427e",
        "groups": {},
        "checks": {
                "order accepted": {
                    "name": "order accepted",
                    "path": "::order accepted",
                    "id": "a3c0c8ef382a0ed3b6bc3a5742f40e3c",
                    "passes": 42592,
                    "fails": 14
                }
            },
        "name": "",
        "path": ""
    },
    "metrics": {
        "vus_max": {
            "value": 200,
            "min": 200,
            "max": 200
        },
        "iteration_duration": {
            "med": 1004.9933335000001,
            "max": 2500.373833,
            "p(50)": 1004.9933335000001,
            "p(90)": 1023.681,
            "p(95)": 1043.5784997499998,
            "p(99)": 1188.4015247,
            "avg": 1016.716183575132,
            "min": 1001.494459
        },
        "http_reqs": {
            "count": 42606,
            "rate": 141.86644801266453
        },
        "http_req_duration{expected_response:true}": {
            "p(95)": 42.52519999999997,
            "p(99)": 180.20001999999974,
            "avg": 15.477853070999334,
            "min": 1.311,
            "med": 3.716,
            "max": 1497.548,
            "p(50)": 3.716,
            "p(90)": 22.658400000000004
        },
        "http_req_waiting": {
            "min": 1.256,
            "med": 3.632,
            "max": 1497.527,
            "p(50)": 3.632,
            "p(90)": 22.647500000000004,
            "p(95)": 42.64224999999998,
            "p(99)": 187.53594999999996,
            "avg": 15.663340280711871
        },
        "vus": {
            "value": 1,
            "min": 1,
            "max": 200
        },
        "data_received": {
            "count": 18145035,
            "rate": 60418.05530947469
        },
        "http_req_connecting": {
            "max": 5.65,
            "p(50)": 0,
            "p(90)": 0,
            "p(95)": 0,
            "p(99)": 0,
            "avg": 0.0029225226493921033,
            "min": 0,
            "med": 0
        },
        "checks": {
            "passes": 42592,
            "fails": 14,
            "value": 0.9996714077829414
        },
        "http_req_duration": {
            "p(95)": 42.68999999999993,
            "p(99)": 187.61659999999998,
            "avg": 15.740627282542503,
            "min": 1.311,
            "med": 3.717,
            "max": 1497.548,
            "p(50)": 3.717,
            "p(90)": 22.707500000000007
        },
        "data_sent": {
            "count": 29127729,
            "rate": 96987.45368974983
        },
        "http_req_receiving": {
            "max": 9.512,
            "p(50)": 0.037,
            "p(90)": 0.072,
            "p(95)": 0.114,
            "p(99)": 0.33794999999999964,
            "avg": 0.05286879782190248,
            "min": 0.006,
            "med": 0.037
        },
        "http_req_sending": {
            "med": 0.017,
            "max": 6.855,
            "p(50)": 0.017,
            "p(90)": 0.03,
            "p(95)": 0.039,
            "p(99)": 0.188,
            "avg": 0.024418204008824048,
            "min": 0.003
        },
        "http_req_blocked": {
            "max": 5.736,
            "p(50)": 0.005,
            "p(90)": 0.008,
            "p(95)": 0.009,
            "p(99)": 0.047,
            "avg": 0.009386893864710843,
            "min": 0.001,
            "med": 0.005
        },
        "http_req_failed": {
            "passes": 14,
            "fails": 42592,
            "thresholds": {
                "rate<0.05": false
            },
            "value": 0.00032859221705863024
        },
        "iterations": {
            "count": 42606,
            "rate": 141.86644801266453
        },
        "http_req_tls_handshaking": {
            "p(95)": 0,
            "p(99)": 0,
            "avg": 0,
            "min": 0,
            "med": 0,
            "max": 0,
            "p(50)": 0,
            "p(90)": 0
        }
    }
}