{
    "root_group": {
        "id": "d41d8cd98f00b204e9800998ecf8427e",
        "groups": {},
        "checks": {
                "order accepted": {
                    "name": "order accepted",
                    "path": "::order accepted",
                    "id": "a3c0c8ef382a0ed3b6bc3a5742f40e3c",
                    "passes": 132135,
                    "fails": 60
                }
            },
        "name": "",
        "path": ""
    },
    "metrics": {
        "vus_max": {
            "value": 250,
            "min": 250,
            "max": 250
        },
        "data_sent": {
            "count": 90459183,
            "rate": 75365.74946970894
        },
        "http_req_tls_handshaking": {
            "avg": 0,
            "min": 0,
            "med": 0,
            "max": 0,
            "p(50)": 0,
            "p(90)": 0,
            "p(95)": 0,
            "p(99)": 0
        },
        "iteration_duration": {
            "p(50)": 1005.421791,
            "p(90)": 1030.0821082,
            "p(95)": 1061.4700248,
            "p(99)": 1324.5404684999999,
            "avg": 1021.0244589571953,
            "min": 1001.482584,
            "med": 1005.421791,
            "max": 3076.279667
        },
        "http_req_connecting": {
            "max": 3.065,
            "p(50)": 0,
            "p(90)": 0,
            "p(95)": 0,
            "p(99)": 0,
            "avg": 0.001180067324785355,
            "min": 0,
            "med": 0
        },
        "data_received": {
            "count": 56298751,
            "rate": 46905.105956169486
        },
        "iterations": {
            "rate": 110.1377982945985,
            "count": 132195
        },
        "vus": {
            "min": 1,
            "max": 250,
            "value": 1
        },
        "http_req_duration{expected_response:true}": {
            "p(90)": 29.08780000000001,
            "p(95)": 59.76089999999998,
            "p(99)": 316.42321999999973,
            "avg": 19.73482075907255,
            "min": 1.185,
            "med": 4.052,
            "max": 2073.967,
            "p(50)": 4.052
        },
        "checks": {
            "passes": 132135,
            "fails": 60,
            "value": 0.9995461250425508
        },
        "http_reqs": {
            "count": 132195,
            "rate": 110.1377982945985
        },
        "http_req_receiving": {
            "med": 0.036,
            "max": 11.296,
            "p(50)": 0.036,
            "p(90)": 0.073,
            "p(95)": 0.11,
            "p(99)": 0.33105999999999886,
            "avg": 0.051937872082906865,
            "min": 0.005
        },
        "http_req_failed": {
            "passes": 60,
            "fails": 132135,
            "thresholds": {
                "rate<0.05": false
            },
            "value": 0.0004538749574492227
        },
        "http_req_sending": {
            "p(99)": 0.217,
            "avg": 0.026716986270281066,
            "min": 0.002,
            "med": 0.017,
            "max": 21.381,
            "p(50)": 0.017,
            "p(90)": 0.033,
            "p(95)": 0.042
        },
        "http_req_waiting": {
            "med": 3.97,
            "max": 2073.927,
            "p(50)": 3.97,
            "p(90)": 29.09780000000001,
            "p(95)": 60.353599999999986,
            "p(99)": 323.79066,
            "avg": 19.943377298687626,
            "min": 1.164
        },
        "http_req_duration": {
            "med": 4.055,
            "max": 2073.967,
            "p(50)": 4.055,
            "p(90)": 29.19480000000001,
            "p(95)": 60.43089999999998,
            "p(99)": 323.8592,
            "avg": 20.022032157041064,
            "min": 1.185
        },
        "http_req_blocked": {
            "avg": 0.007935829645601718,
            "min": 0,
            "med": 0.005,
            "max": 6.574,
            "p(50)": 0.005,
            "p(90)": 0.008,
            "p(95)": 0.01,
            "p(99)": 0.03605999999999882
        }
    }
}