{
    "root_group": {
        "path": "",
        "id": "d41d8cd98f00b204e9800998ecf8427e",
        "groups": {},
        "checks": {
                "order accepted": {
                    "fails": 0,
                    "name": "order accepted",
                    "path": "::order accepted",
                    "id": "a3c0c8ef382a0ed3b6bc3a5742f40e3c",
                    "passes": 300
                }
            },
        "name": ""
    },
    "metrics": {
        "iterations": {
            "count": 300,
            "rate": 4.929614066594584
        },
        "http_req_failed": {
            "fails": 300,
            "passes": 0,
            "thresholds": {
                "rate<0.01": false
            },
            "value": 0
        },
        "http_req_receiving": {
            "avg": 0.08170666666666665,
            "min": 0.008,
            "med": 0.045,
            "max": 2.495,
            "p(50)": 0.045,
            "p(90)": 0.13830000000000003,
            "p(95)": 0.24159999999999984,
            "p(99)": 0.7304399999999999
        },
        "data_sent": {
            "count": 203250,
            "rate": 3339.8135301178304
        },
        "http_reqs": {
            "count": 300,
            "rate": 4.929614066594584
        },
        "http_req_waiting": {
            "avg": 12.119146666666662,
            "min": 1.451,
            "med": 7.736,
            "max": 225.341,
            "p(50)": 7.736,
            "p(90)": 19.184000000000005,
            "p(95)": 23.82435,
            "p(99)": 192.37930999999998
        },
        "http_req_connecting": {
            "p(50)": 0,
            "p(90)": 0,
            "p(95)": 0,
            "p(99)": 1.01023,
            "avg": 0.01714,
            "min": 0,
            "med": 0,
            "max": 1.106
        },
        "http_req_sending": {
            "p(50)": 0.02,
            "p(90)": 0.074,
            "p(95)": 0.08909999999999997,
            "p(99)": 0.22080999999999978,
            "avg": 0.03572999999999995,
            "min": 0.004,
            "med": 0.02,
            "max": 0.705
        },
        "data_received": {
            "count": 127768,
            "rate": 2099.489766868856
        },
        "http_req_tls_handshaking": {
            "p(50)": 0,
            "p(90)": 0,
            "p(95)": 0,
            "p(99)": 0,
            "avg": 0,
            "min": 0,
            "med": 0,
            "max": 0
        },
        "checks": {
            "passes": 300,
            "fails": 0,
            "value": 1
        },
        "vus": {
            "max": 5,
            "value": 5,
            "min": 5
        },
        "iteration_duration": {
            "p(50)": 1009.7725419999999,
            "p(90)": 1021.2796705,
            "p(95)": 1028.8903398999998,
            "p(99)": 1194.5922575,
            "avg": 1014.125664586666,
            "min": 1001.733583,
            "med": 1009.7725419999999,
            "max": 1227.826583
        },
        "vus_max": {
            "value": 5,
            "min": 5,
            "max": 5
        },
        "http_req_duration": {
            "med": 7.912000000000001,
            "max": 225.559,
            "p(50)": 7.912000000000001,
            "p(90)": 20.040200000000002,
            "p(95)": 23.917749999999998,
            "p(99)": 192.44308,
            "avg": 12.236583333333337,
            "min": 1.497,
            "thresholds": {
                "p(95)<250": false
            }
        },
        "http_req_blocked": {
            "p(50)": 0.005,
            "p(90)": 0.012,
            "p(95)": 0.021,
            "p(99)": 4.90208,
            "avg": 0.08968333333333345,
            "min": 0.001,
            "med": 0.005,
            "max": 5.003
        },
        "http_req_duration{expected_response:true}": {
            "p(99)": 192.44308,
            "avg": 12.236583333333337,
            "min": 1.497,
            "med": 7.912000000000001,
            "max": 225.559,
            "p(50)": 7.912000000000001,
            "p(90)": 20.040200000000002,
            "p(95)": 23.917749999999998
        }
    }
}