{
  "metrics": {
    "checks": {
      "fails": 0,
      "passes": 43075,
      "value": 1
    },
    "data_received": {
      "count": 18215898,
      "rate": 60596.86812235335
    },
    "data_sent": {
      "count": 29449128,
      "rate": 97965.24583823995
    },
    "http_req_blocked": {
      "avg": 0.012744445734180801,
      "max": 6.055,
      "med": 0.005,
      "min": 0,
      "p(50)": 0.005,
      "p(90)": 0.011,
      "p(95)": 0.015,
      "p(99)": 0.066
    },
    "http_req_connecting": {
      "avg": 0.004601950087057459,
      "max": 4.583,
      "med": 0,
      "min": 0,
      "p(50)": 0,
      "p(90)": 0,
      "p(95)": 0,
      "p(99)": 0
    },
    "http_req_duration": {
      "avg": 2.624244689495074,
      "max": 59.719,
      "med": 2.279,
      "min": 0.193,
      "p(50)": 2.279,
      "p(90)": 4.685,
      "p(95)": 5.5802999999999985,
      "p(99)": 7.920519999999999
    },
    "http_req_duration{expected_response:true}": {
      "avg": 2.624244689495074,
      "max": 59.719,
      "med": 2.279,
      "min": 0.193,
      "p(50)": 2.279,
      "p(90)": 4.685,
      "p(95)": 5.5802999999999985,
      "p(99)": 7.920519999999999
    },
    "http_req_failed": {
      "fails": 43075,
      "passes": 0,
      "thresholds": {
        "rate<0.05": false
      },
      "value": 0
    },
    "http_req_receiving": {
      "avg": 0.029891654091699534,
      "max": 5.991,
      "med": 0.02,
      "min": 0.004,
      "p(50)": 0.02,
      "p(90)": 0.047,
      "p(95)": 0.068,
      "p(99)": 0.189
    },
    "http_req_sending": {
      "avg": 0.040716819500872026,
      "max": 12.821,
      "med": 0.015,
      "min": 0.002,
      "p(50)": 0.015,
      "p(90)": 0.043,
      "p(95)": 0.073,
      "p(99)": 0.7100399999999985
    },
    "http_req_tls_handshaking": {
      "avg": 0,
      "max": 0,
      "med": 0,
      "min": 0,
      "p(50)": 0,
      "p(90)": 0,
      "p(95)": 0,
      "p(99)": 0
    },
    "http_req_waiting": {
      "avg": 2.5536362159024906,
      "max": 59.441,
      "med": 2.221,
      "min": 0.162,
      "p(50)": 2.221,
      "p(90)": 4.571,
      "p(95)": 5.454,
      "p(99)": 7.771
    },
    "http_reqs": {
      "count": 43075,
      "rate": 143.29296828354936
    },
    "iteration_duration": {
      "avg": 1005.6460598642983,
      "max": 1062.4855,
      "med": 1005.14575,
      "min": 1000.294375,
      "p(50)": 1005.14575,
      "p(90)": 1009.4551078,
      "p(95)": 1010.9986499,
      "p(99)": 1015.58793674
    },
    "iterations": {
      "count": 43075,
      "rate": 143.29296828354936
    },
    "vus": {
      "max": 200,
      "min": 1,
      "value": 1
    },
    "vus_max": {
      "max": 200,
      "min": 200,
      "value": 200
    }
  },
  "root_group": {
    "checks": {
      "order accepted": {
        "fails": 0,
        "id": "a3c0c8ef382a0ed3b6bc3a5742f40e3c",
        "name": "order accepted",
        "passes": 43075,
        "path": "::order accepted"
      }
    },
    "groups": {},
    "id": "d41d8cd98f00b204e9800998ecf8427e",
    "name": "",
    "path": ""
  }
}
