{
  "metrics": {
    "checks": {
      "fails": 0,
      "passes": 134288,
      "value": 1
    },
    "data_received": {
      "count": 56789435,
      "rate": 47289.67545420697
    },
    "data_sent": {
      "count": 91895004,
      "rate": 76522.77074112555
    },
    "http_req_blocked": {
      "avg": 0.006865259740250589,
      "max": 20.453,
      "med": 0.002,
      "min": 0,
      "p(50)": 0.002,
      "p(90)": 0.006,
      "p(95)": 0.008,
      "p(99)": 0.022
    },
    "http_req_connecting": {
      "avg": 0.0014943479685452156,
      "max": 4.209,
      "med": 0,
      "min": 0,
      "p(50)": 0,
      "p(90)": 0,
      "p(95)": 0,
      "p(99)": 0
    },
    "http_req_duration": {
      "avg": 2.429634710473053,
      "max": 189.268,
      "med": 1.845,
      "min": 0.095,
      "p(50)": 1.845,
      "p(90)": 4.657,
      "p(95)": 5.74,
      "p(99)": 9.423129999999999
    },
    "http_req_duration{expected_response:true}": {
      "avg": 2.429634710473053,
      "max": 189.268,
      "med": 1.845,
      "min": 0.095,
      "p(50)": 1.845,
      "p(90)": 4.657,
      "p(95)": 5.74,
      "p(99)": 9.423129999999999
    },
    "http_req_failed": {
      "fails": 134288,
      "passes": 0,
      "thresholds": {
        "rate<0.05": false
      },
      "value": 0
    },
    "http_req_receiving": {
      "avg": 0.02599083313475447,
      "max": 15.045,
      "med": 0.016,
      "min": 0.003,
      "p(50)": 0.016,
      "p(90)": 0.038,
      "p(95)": 0.051,
      "p(99)": 0.14
    },
    "http_req_sending": {
      "avg": 0.028643758191351214,
      "max": 17.855,
      "med": 0.008,
      "min": 0.002,
      "p(50)": 0.008,
      "p(90)": 0.028,
      "p(95)": 0.044,
      "p(99)": 0.335
    },
    "http_req_tls_handshaking": {
      "avg": 0,
      "max": 0,
      "med": 0,
      "min": 0,
      "p(50)": 0,
      "p(90)": 0,
      "p(95)": 0,
      "p(99)": 0
    },
    "http_req_waiting": {
      "avg": 2.3750001191469448,
      "max": 189.245,
      "med": 1.798,
      "min": 0.082,
      "p(50)": 1.798,
      "p(90)": 4.583,
      "p(95)": 5.652,
      "p(99)": 9.267389999999995
    },
    "http_reqs": {
      "count": 134288,
      "rate": 111.82424930613494
    },
    "iteration_duration": {
      "avg": 1005.1285707510552,
      "max": 1190.994292,
      "med": 1004.248708,
      "min": 1000.142625,
      "p(50)": 1004.248708,
      "p(90)": 1009.0993251,
      "p(95)": 1011.23467895,
      "p(99)": 1017.7536923299999
    },
    "iterations": {
      "count": 134288,
      "rate": 111.82424930613494
    },
    "vus": {
      "max": 250,
      "min": 1,
      "value": 1
    },
    "vus_max": {
      "max": 250,
      "min": 250,
      "value": 250
    }
  },
  "root_group": {
    "checks": {
      "order accepted": {
        "fails": 0,
        "id": "a3c0c8ef382a0ed3b6bc3a5742f40e3c",
        "name": "order accepted",
        "passes": 134288,
        "path": "::order accepted"
      }
    },
    "groups": {},
    "id": "d41d8cd98f00b204e9800998ecf8427e",
    "name": "",
    "path": ""
  }
}
