{
  "metrics": {
    "checks": {
      "fails": 0,
      "passes": 44900,
      "value": 1
    },
    "data_received": {
      "count": 18987728,
      "rate": 21078.0306741181
    },
    "data_sent": {
      "count": 30670854,
      "rate": 34047.31737327382
    },
    "http_req_blocked": {
      "avg": 0.009447973273935664,
      "max": 6.933,
      "med": 0.002,
      "min": 0,
      "p(50)": 0.002,
      "p(90)": 0.004,
      "p(95)": 0.006,
      "p(99)": 0.015
    },
    "http_req_connecting": {
      "avg": 0.005175144766146994,
      "max": 5.399,
      "med": 0,
      "min": 0,
      "p(50)": 0,
      "p(90)": 0,
      "p(95)": 0,
      "p(99)": 0
    },
    "http_req_duration": {
      "avg": 1.202892761692662,
      "max": 47.947,
      "med": 0.8534999999999999,
      "min": 0.084,
      "p(50)": 0.8534999999999999,
      "p(90)": 2.038,
      "p(95)": 2.991049999999998,
      "p(99)": 6.494389999999984,
      "thresholds": {
        "p(95)<250": false
      }
    },
    "http_req_duration{expected_response:true}": {
      "avg": 1.202892761692662,
      "max": 47.947,
      "med": 0.8534999999999999,
      "min": 0.084,
      "p(50)": 0.8534999999999999,
      "p(90)": 2.038,
      "p(95)": 2.991049999999998,
      "p(99)": 6.494389999999984
    },
    "http_req_failed": {
      "fails": 44900,
      "passes": 0,
      "thresholds": {
        "rate<0.01": false
      },
      "value": 0
    },
    "http_req_receiving": {
      "avg": 0.020977505567925648,
      "max": 8.556,
      "med": 0.013,
      "min": 0.003,
      "p(50)": 0.013,
      "p(90)": 0.029,
      "p(95)": 0.041,
      "p(99)": 0.1390099999999996
    },
    "http_req_sending": {
      "avg": 0.01682587973273929,
      "max": 16.609,
      "med": 0.007,
      "min": 0.002,
      "p(50)": 0.007,
      "p(90)": 0.019,
      "p(95)": 0.03,
      "p(99)": 0.1400099999999996
    },
    "http_req_tls_handshaking": {
      "avg": 0,
      "max": 0,
      "med": 0,
      "min": 0,
      "p(50)": 0,
      "p(90)": 0,
      "p(95)": 0,
      "p(99)": 0
    },
    "http_req_waiting": {
      "avg": 1.165089376391981,
      "max": 47.925,
      "med": 0.823,
      "min": 0.069,
      "p(50)": 0.823,
      "p(90)": 1.99,
      "p(95)": 2.9030999999999962,
      "p(99)": 6.357059999999998
    },
    "http_reqs": {
      "count": 44900,
      "rate": 49.84290786490636
    },
    "iteration_duration": {
      "avg": 1002.9151916113105,
      "max": 1052.745333,
      "med": 1002.4412915,
      "min": 1000.126,
      "p(50)": 1002.4412915,
      "p(90)": 1005.4051292,
      "p(95)": 1007.5432476000001,
      "p(99)": 1012.97008158
    },
    "iterations": {
      "count": 44900,
      "rate": 49.84290786490636
    },
    "vus": {
      "max": 50,
      "min": 50,
      "value": 50
    },
    "vus_max": {
      "max": 50,
      "min": 50,
      "value": 50
    }
  },
  "root_group": {
    "checks": {
      "order accepted": {
        "fails": 0,
        "id": "a3c0c8ef382a0ed3b6bc3a5742f40e3c",
        "name": "order accepted",
        "passes": 44900,
        "path": "::order accepted"
      }
    },
    "groups": {},
    "id": "d41d8cd98f00b204e9800998ecf8427e",
    "name": "",
    "path": ""
  }
}
